sample index,class_label,sensor0,sensor1,sensor2,sensor3,sensor4,sensor5,sensor6,sensor7,sensor8,sensor9
sample0,1.0,0.8342509834222027,0.7260813992742677,0.5359036849144344,0.21489584350525737,0.8737882909931444,0.7676045224304291,0.11130843932636791,0.5575264959349775,0.5996496615953951,0.6655687929814794
sample1,1.0,0.8040591737544392,0.253135155172477,0.869867307204029,0.3342850639978806,0.6040745922152166,0.4940453023680388,0.8335751894934594,0.1941898292802583,0.01496617187200655,0.8029178105700178
sample2,1.0,0.6944042750266697,0.5957765709194961,0.5812942741718249,0.7990034104169871,0.7628567272266561,0.6513928475031644,0.07590533959076973,0.007186300484064878,0.6596330266159818,0.8310087722262066
sample3,1.0,0.7836895305460438,0.038779627569570874,0.2850432910339191,0.6273053943944916,0.8006198412814354,0.48634018576458027,0.8277231362980225,0.3398071200084293,0.7313434832661592,0.8923586950529941
sample4,1.0,0.7888353321633572,0.1744333489120683,0.34877033120804046,0.938244327128728,0.6920645235572894,0.37761971721338294,0.18375961191309875,0.6168046690010076,0.4928990505698758,0.9309689967901521
sample5,1.0,0.2406299291845031,0.1424777511908094,0.09141607823060938,0.11759786457386323,0.812113201292216,0.9437023426627787,0.10464264583948557,0.8492666142650167,0.871183789026758,0.012565906734151366
sample6,1.0,0.40564462222336883,0.7273879895132506,0.6638140344505881,0.6932747897852231,0.944709154902505,0.9738896510862719,0.7544280585701452,0.2976160331921702,0.9083389579424072,0.23474910119481807
sample7,1.0,0.7147468237320453,0.6562098658346016,0.588289712151666,0.1343704500516737,0.8617615951934365,0.9436160382129917,0.22671387640894103,0.5463241389575948,0.688982545318669,0.883037767955672
sample8,1.0,0.5353416487380942,0.27359076844875285,0.6210327651769985,0.7803364102722015,0.9660423593221917,0.4639649680017436,0.9403887504386618,0.8674549333898043,0.9907405398050532,0.028283451612968302
sample9,1.0,0.548196738900725,0.33742624657900044,0.2658239986769828,0.2494605243577639,0.7038081931198569,0.9586147013962135,0.7674937703515724,0.20581783150199062,0.7601992567942618,0.9320657585165074
sample10,1.0,0.5203011391221466,0.25586066805193985,0.7348934058032611,0.4917129515559684,0.005895683061960311,0.2161225149284438,0.9516112634325964,0.36818467390274123,0.5718238565454195,0.0981916825707091
sample11,1.0,0.7516346854539425,0.20844785608786254,0.39203102817867963,0.1515821142486884,0.7628567272266561,0.36602914220995897,0.9682082578729132,0.3398071200084293,0.5289140406658732,0.05751618610304754
sample12,1.0,0.856897479464049,0.621303197065188,0.31750022810123246,0.6076936459819975,0.4369186597635605,0.9082263061483757,0.8189234326177135,0.8625582862782251,0.9108856968841066,0.9919383387423013
sample13,1.0,0.7836895305460438,0.11644707970559864,0.28417419200256455,0.8598276490670181,0.6026013196151065,0.34689039961290224,0.8489032533842119,0.8560251706163511,0.9682925887192598,0.8527245255520957
sample14,1.0,0.8553526511086944,0.26077703534208485,0.6918506709302997,0.8378702604221645,0.4584870367139482,0.9750855405228185,0.2014302150930769,0.6731111468547456,0.5469836495403223,0.21589974310193039
sample15,1.0,0.8217145616588485,0.6706865590631278,0.4401015525322063,0.03617236832136461,0.23709346718264257,0.669008355495011,0.9576286784449756,0.9954815712186449,0.930807210173211,0.8983404558792016
sample16,1.0,0.18172676385362574,0.6356661691054787,0.557869740579734,0.5816795460670368,0.9367318400528851,0.309288403448048,0.1825945892508829,0.37925768137443183,0.893349177604391,0.12394360222942291
sample17,1.0,0.2549525422938068,0.7657419322995629,0.49225021694505,0.6605042329885169,0.8311617336257524,0.7694107342223229,0.008300680727704846,0.9090861419981723,0.36633250379457016,0.6069595086184039
sample18,1.0,0.5228048219126,0.7199266939240095,0.5983364426696405,0.5043326171204966,0.5884363495519689,0.013570550093965128,0.022781718792526995,0.3415861971354822,0.7313434832661592,0.1298448586160169
sample19,1.0,0.2309840283134481,0.6100998000744899,0.4612534773587076,0.7324656922298441,0.5966712120262492,0.730743767062602,0.21737956848271922,0.7894601302706741,0.893349177604391,0.8765770961124757
sample20,1.0,0.7707008154675333,0.23531622891019,0.6092149508928448,0.473039842374977,0.6193123179042691,0.9103437547304862,0.8036637639679374,0.4117642908631983,0.6692614677001859,0.9582848297860626
sample21,1.0,0.5461938504660493,0.7491564369949893,0.5720738759200762,0.49599984715185663,0.9303218773425272,0.8031690174265703,0.9483099495709812,0.08567460602243115,0.16698609175556467,0.5626333236916408
sample22,1.0,0.626736930855097,0.6786617531216094,0.32295091314840496,0.4719316747725223,0.5755765693335909,0.5397891761203322,0.8694100608142502,0.6883422740075928,0.9960977292991329,0.4612613272522855
sample23,1.0,0.3058042606114584,0.723343638607208,0.4556282266689089,0.9620602799949081,0.9448308987220996,0.9786782757702205,0.12896349364046444,0.9982302043809109,0.10483854662929681,0.5783890597361337
sample24,1.0,0.017609762120689543,0.6478782281787702,0.45806235292169983,0.6743819259214574,0.0022463014464406683,0.8491240132161052,0.1284121575337086,0.43663606981946435,0.6662702725503182,0.5649519403597008
sample25,1.0,0.8186554619781937,0.6072264170433108,0.6775997903709904,0.7689745628639241,0.9436695924813254,0.9689529320636101,0.12600500397239123,0.799384154723023,0.921840426827487,0.6262630477973742
sample26,1.0,0.8742282449649711,0.5487481598077378,0.5879555181552277,0.19137286236580298,0.9074463730921635,0.3312338980904461,0.04635071737813201,0.799646444549443,0.9253443405404834,0.8364743143465233
sample27,1.0,0.5558963397473439,0.723343638607208,0.6352663764190287,0.891900456211435,0.813617510056267,0.1826181491249126,0.8930253192513496,0.025390496570388166,0.9538124665003543,0.7650767926623429
sample28,1.0,0.6279780315314364,0.6202636630625171,0.5812942741718249,0.5808954788430654,0.5605253949214385,0.3806434951774108,0.8445109558481209,0.9755580511740749,0.4721018542680465,0.8135555003470301
sample29,1.0,0.6243948636445962,0.5680141340860324,0.36039249711008936,0.115973375965433,0.7014925741426363,0.5461648628139493,0.22448281284099636,0.7486998717449797,0.7254281903483407,0.006371643565720508
sample30,1.0,0.9370265827781692,0.7154768280461169,0.4238246032425196,0.9309876102095891,0.5160923114302934,0.3397117868119536,0.7777917337950162,0.12255844904305735,0.8682178639124577,0.21589974310193039
sample31,1.0,0.600202119588456,0.5794353192567437,0.18894365902783916,0.7237053793420982,0.8876708554146039,0.8031690174265703,0.9762491835263335,0.37822419649032024,0.7319364081871519,0.5340189166245864
sample32,1.0,0.34497258154899746,0.01681592436749013,0.47767643413484817,0.4691729266778044,0.29955936888439116,0.2857880644704551,0.8853843013902638,0.33212703099049834,0.7101511666357354,0.1755528310880995
sample33,1.0,0.8139441290527544,0.5989839599335605,0.3714420784840289,0.6661835361368096,0.49842001476043984,0.2872485749792596,0.844837633394493,0.8117829885635124,0.7028255220199634,0.1651502242624514
sample34,1.0,0.8728351342285425,0.5767946020456288,0.31840151674411576,0.7008532414671704,0.6780733984349562,0.40921853158118815,0.7933790847589695,0.9311013025279586,0.15394697168447213,0.8477807882138272
sample35,1.0,0.7255970828169529,0.6748935500294461,0.7204882481022216,0.5187812807740719,0.948583904496594,0.8676357966368546,0.150891645785184,0.28139162535511764,0.5440069459282296,0.9672465654531747
sample36,1.0,0.661973479919602,0.6706865590631278,0.6852868244967376,0.8005140230934183,0.6398726510706628,0.3252504313974657,0.007438409964127146,0.35817511952583814,0.8024360336639633,0.7928259238534598
sample37,1.0,0.7931962261862477,0.5734931643828036,0.2655082287586644,0.5190053312690232,0.5696764101351391,0.9651370729928007,0.09851732985109807,0.5005174989821464,0.7431517785039585,0.29129884933006456
sample38,1.0,0.9900022030230928,0.383823045197604,0.6056739269424034,0.8223770620662265,0.18210869096235005,0.9973672189070157,0.10868969490317992,0.8979778311168073,0.5424904092375519,0.8310087722262066
sample39,1.0,0.6616952542423745,0.9759952061825568,0.16363167560711356,0.5108859873080802,0.5508579222762845,0.4940453023680388,0.9556193934069738,0.9834553081760239,0.9685201556898874,0.9018776964888535
sample40,1.0,0.8994521718278122,0.6682326890082187,0.36833453041221353,0.7252992002117681,0.3309226622763296,0.4997330050450567,0.9791917339173508,0.8815071140100188,0.5033388806042212,0.5640147248485085
sample41,1.0,0.4454142189113598,0.08118174168806147,0.4530876623944975,0.7334766340720457,0.4639058710793662,0.44821534205361213,0.9423554697313207,0.5791269966867635,0.16581693753539917,0.9301306995356434
sample42,1.0,0.5429973752491887,0.079431946838743,0.3349573669726411,0.5100655079868338,0.9729249900294823,0.9026989364456576,0.9415354876717693,0.46333183757460217,0.7053798169829522,0.6066790717095758
sample43,1.0,0.7008021524732678,0.7489520627519083,0.5197606627968705,0.6391581303065125,0.8299555489929482,0.3501339640476012,0.0971779625125313,0.08567460602243115,0.38192202444196877,0.7689318533443729
sample44,1.0,0.9934538277850494,0.7479687089872854,0.4216276601766791,0.2830476110691438,0.5690216217194437,0.3890124217765468,0.8360077073492896,0.8637956784497276,0.665106208453071,0.7282467034846575
sample45,1.0,0.8728351342285425,0.2569802675993931,0.64158109340784,0.01722694185913143,0.6387333097715138,0.9002528880239203,0.20070814802639658,0.7936498536845977,0.821616317563295,0.11888379109847158
sample46,1.0,0.5493169859197086,0.5759411240079411,0.741356224498371,0.173792220161598,0.7502276483697454,0.8456507749779473,0.9504668297920998,0.7580134073189478,0.7401587571743058,0.2702993933849085
sample47,1.0,0.9240495885324922,0.18019338897063153,0.2773119214409261,0.7534943012323062,0.5866625149608176,0.2158841014502504,0.9318843502824965,0.46542486075269685,0.34376761577104853,0.1651502242624514
sample48,1.0,0.13329305460959673,0.07078623113142168,0.49543474059065884,0.5108859873080802,0.5690216217194437,0.9786782757702205,0.8274392956628869,0.38239513014378346,0.6210751108176483,0.8259801828483142
sample49,1.0,0.39101625109875404,0.24385998054145064,0.5316756895968653,0.9864144200508754,0.6486253877801244,0.7583965070984753,0.8201195471451327,0.6222182533243278,0.9596009233845234,0.74365243490215
sample50,1.0,0.865991367976391,0.6526223470334807,0.25272034507657704,0.787836832659983,0.9448308987220996,0.34698576436537787,0.20534352362330177,0.0722127881715734,0.9400721221880067,0.6155883805559874
sample51,1.0,0.8571331734679286,0.14536679338349956,0.5922005097692091,0.7237053793420982,0.6192699688529599,0.3073521647732047,0.8137131407004627,0.6209315167622903,0.8597158029454407,0.8002991197279933
sample52,1.0,0.7661508941807119,0.21828162820929076,0.25348020664380466,0.7334766340720457,0.7454818173571168,0.5212744306491398,0.24046404356802664,0.16116406944469075,0.9331831538372917,0.007976420544657081
sample53,1.0,0.36613866332393674,0.6394083885914137,0.40189647689342567,0.2920320542934359,0.8128764168850583,0.9296206213035028,0.9791917339173508,0.8328249903457685,0.3781406298201664,0.8983008259136407
sample54,1.0,0.7050742645265525,0.7557117095433368,0.2733874881986147,0.5227636534982194,0.7669370299843936,0.9895884952202636,0.9354541735294527,0.8328249903457685,0.8938561841514965,0.8259801828483142
sample55,1.0,0.8126376841635325,0.597211497357959,0.6041684263123475,0.9284352126943516,0.6521774583319965,0.2007644372893609,0.1182897946861079,0.44007963921806237,0.9019628825176725,0.39488196412584076
sample56,1.0,0.9900022030230928,0.5367293158177581,0.7458076915467649,0.6743819259214574,0.6079896463241518,0.9952008854899114,0.20792545795366735,0.7702408776713825,0.5296357118085423,0.00803856021355065
sample57,1.0,0.45728045774759396,0.17862894576004795,0.29066649798930955,0.21236933673363367,0.8616983537930649,0.2682041846493579,0.1939888957464363,0.3537396606089994,0.8332957219987476,0.22286148582709486
sample58,1.0,0.7413951873443472,0.39495632446025053,0.6094032682162156,0.0891492529332032,0.619498643770398,0.5594360220420871,0.9605336673135575,0.8560251706163511,0.5806131919426727,0.7639119854475706
sample59,1.0,0.6461430374327456,0.03390786469988327,0.30894173338762143,0.6366052642409358,0.6530197511033592,0.19433390076815182,0.8468590956960161,0.25810016860680596,0.9051865383357386,0.6518950482092378
sample60,1.0,0.6104136944386439,0.5780030558939503,0.25138851857240463,0.8650902103582955,0.4978418677089682,0.9364261017339358,0.14526452140946078,0.21001216579184523,0.5469836495403223,0.6340279344868052
sample61,1.0,0.7404885489907799,0.5654403607250189,0.33755144906267176,0.8037928353808953,0.8313894951909906,0.3387907018728721,0.07987564511938705,0.02032321359155298,0.5654118380644956,0.8386335210679378
sample62,1.0,0.9370265827781692,0.2060239999489869,0.4282065848291543,0.04960052267614623,0.6521774583319965,0.6479012895715789,0.12649646769026013,0.2675857688616756,0.88028305104062,0.696216782322326
sample63,1.0,0.25221801901382856,0.44495091904745254,0.3749884293121287,0.9084460914203177,0.7636757920196408,0.4940453023680388,0.07593564921045104,0.29835089676507076,0.30045566396944834,0.8983404558792016
sample64,1.0,0.9027174122768274,0.25457364913505776,0.6210327651769985,0.7008532414671704,0.15981512175946389,0.37764894328551324,0.22448281284099636,0.38598928138476307,0.9604624523222696,0.6367713933969216
sample65,1.0,0.5463259057847863,0.14652719602434394,0.532257701851845,0.7744388112683711,0.6849847718916124,0.6277442664693289,0.9832887887707719,0.3252502016453027,0.13417597061056818,0.30522381179000524
sample66,1.0,0.608390063478528,0.6451312350889868,0.5316756895968653,0.9540195351727728,0.850280117773685,0.8457072355437404,0.13046218340479854,0.36837084849333224,0.6214366597093999,0.5878381344492996
sample67,1.0,0.9011410595665065,0.6312147419553418,0.7204882481022216,0.5362055819102557,0.6849847718916124,0.816085812251069,0.18235731469347383,0.531848859688662,0.7845419150279189,0.86505416259016
sample68,1.0,0.7451292968363841,0.163989040755261,0.45021493894231146,0.7612286023711342,0.7602445299008523,0.2981977399785093,0.9009042810893307,0.38517322264518883,0.4046641383488694,0.6915618478283903
sample69,1.0,0.6212116969120911,0.651144314958331,0.013799433571792363,0.937058869203341,0.6628532049247486,0.9736417934579442,0.013579540605919371,0.010071901587972887,0.9019628825176725,0.21412069755951835
sample70,1.0,0.9070883495126831,0.11479457620694233,0.4487196133318967,0.9205933016533584,0.900723445034769,0.3193397974473644,0.7859002841549358,0.7580134073189478,0.7206062541361351,0.21412069755951835
sample71,1.0,0.626736930855097,0.26039235404672556,0.31886636070262775,0.358942184878406,0.8622812062645553,0.9047124355465324,0.9620168501698068,0.4835151106529384,0.6114646161848205,0.6604504495061223
sample72,1.0,0.6094329209784268,0.6654734698384653,0.62067143658772,0.9858628421370155,0.6848148697406302,0.060830131785619024,0.06931409639163699,0.925063440031466,0.5765167637585276,0.1622587698938327
sample73,1.0,0.8466507329797839,0.7197958724177218,0.25138851857240463,0.4040646010897768,0.6398726510706628,0.38451966951752403,0.053646143757330345,0.9676399656848274,0.6265828644672474,0.8631026649274937
sample74,1.0,0.6123472105605812,0.22296754837248967,0.3371973542404726,0.8824799079764342,0.4841403634281636,0.39127260563855426,0.00017323646693656602,0.17533828722506528,0.5029128771103659,0.8631026649274937
sample75,1.0,0.6492969892053877,0.17342653871012992,0.7289273612183802,0.5502284088225216,0.8737882909931444,0.3722274168215155,0.7979994532238454,0.3349258927511135,0.8555472234686006,0.2533365856996046
sample76,1.0,0.5228048219126,0.745999183664921,0.3855091038958228,0.848582539203625,0.6979031070155077,0.06434112352148869,0.1596090231447903,0.9732617067904467,0.674866464387358,0.3871430199994059
sample77,1.0,0.8630070341435948,0.4156151233911337,0.5946770833481645,0.5599052054039039,0.39605256395890975,0.3152736809338258,0.20359433705826746,0.027130049763997466,0.7010800452676128,0.7625114945921257
sample78,1.0,0.992155622185733,0.0046050912642554565,0.6731068601481682,0.6192438657041662,0.6844778598348268,0.3092992681715693,0.07597795312779076,0.05585744066829512,0.6763375277435173,0.5926111369637959
sample79,1.0,0.46940261314792786,0.7493075914703463,0.11558220434100253,0.4970716505709055,0.5294335218752473,0.8274723198438847,0.017618296449649407,0.44333009279772895,0.7845419150279189,0.9377971780414419
sample80,1.0,0.43215583725371154,0.5876800246438066,0.2606391686205939,0.05458146322694546,0.8785024947874487,0.8909212731704887,0.9832876418696357,0.7486998717449797,0.6056731297475134,0.8579557268899244
sample81,1.0,0.8186554619781937,0.8686302391733645,0.5640741294334265,0.9592777274934621,0.8906002558942764,0.9068407745387266,0.1259826945122443,0.9159118788114005,0.7178730892855835,0.9651774385552451
sample82,1.0,0.24527305341189087,0.6727554860109296,0.6918506709302997,0.8706841871715959,0.813617510056267,0.6360058770600924,0.8814219376470116,0.8674549333898043,0.6031214160187169,0.5695290873414854
sample83,1.0,0.5806852304972248,0.10973740154345268,0.39755858014454915,0.020451089859365834,0.5160923114302934,0.1566296327897847,0.17620624118872763,0.5965585194146088,0.8470039027640524,0.22896078970540956
sample84,1.0,0.4463181844890969,0.163989040755261,0.5140303007552547,0.6391581303065125,0.5175717942253427,0.9126702980459575,0.19760132034128142,0.513491170318806,0.7416936190988871,0.8870762720554545
sample85,1.0,0.03117022528870461,0.715089921590326,0.36039249711008936,0.3300828010212291,0.6988305267965371,0.5548737061373182,0.15413537923361165,0.6066958314290569,0.05737248858118216,0.9377971780414419
sample86,1.0,0.582578909603501,0.11079876627933982,0.5014401245353802,0.8316905374662757,0.5568278310045556,0.7379935403251071,0.8308671517377869,0.1223899604503702,0.9209150729833557,0.9163286543082826
sample87,1.0,0.6301478078950739,0.7258185327049826,0.5208270705789104,0.2272332317425575,0.5047822795919307,0.911219122058149,0.759326305928734,0.2590270443699999,0.9137939143758768,0.8228611345153362
sample88,1.0,0.7526444037868796,0.9254778402831889,0.6320284054129053,0.7990034104169871,0.8469453432906643,0.883197748285847,0.006899188696551373,0.8927870813673219,0.5519887308903295,0.063957837729689
sample89,1.0,0.6545975458612655,0.17351196302855354,0.6721296052309522,0.9052782096977131,0.5605253949214385,0.9427163233313121,0.017842460432652474,0.8822089373147847,0.7254281903483407,0.8310087722262066
sample90,1.0,0.5906735762251086,0.09367640725903592,0.6918506709302997,0.7612286023711342,0.8299555489929482,0.415165166875177,0.8457970037020154,0.566821595109423,0.7153294274948129,0.00045177898609960465
sample91,1.0,0.9088819202472463,0.13396604033896198,0.28847393668624055,0.29087462414692067,0.8238429617264368,0.6399282891416284,0.8480616865174854,0.7988253030141729,0.8257465268533237,0.883037767955672
sample92,1.0,0.9875428113339848,0.10914841113830875,0.6649357765701549,0.5056360747728206,0.8740530735349749,0.29982090465761924,0.020567796934013338,0.7747420410248315,0.627163420959136,0.638128037186743
sample93,1.0,0.6315113420725106,0.13300311344319837,0.31181118683113573,0.16890196005122682,0.944709154902505,0.8115742025581983,0.9372718434856209,0.480632440462331,0.8555472234686006,0.8550927589379049
sample94,1.0,0.7008021524732678,0.06482469796460666,0.3061574656886549,0.9052782096977131,0.9252798646918855,0.0026952604269321334,0.2449907475658306,0.02584246138353341,0.32298773172854844,0.17544123784072352
sample95,1.0,0.3201179992261679,0.23899902836651676,0.6449212599348837,0.938244327128728,0.2117696704883152,0.11433125750231787,0.9206924139706315,0.9764336812357116,0.0031654107044390978,0.660186060051298
sample96,1.0,0.6995393868192927,0.9815561616715368,0.44396828049149617,0.7065768515117765,0.9444962926910125,0.33034008388044955,0.9858849343891634,0.7324832903247996,0.09105254383380257,0.1298448586160169
sample97,1.0,0.7545444904282262,0.0585339857222954,0.2576540073584451,0.5300665043307806,0.038174762757259284,0.3226599566586854,0.9244393355258476,0.3415861971354822,0.8770006691397059,0.664941672059882
sample98,1.0,0.5976449009002688,0.1029913122136733,0.3888472703014987,0.8723523189105983,0.8758883683626306,0.3377569066607504,0.9566497751958912,0.9301617113002209,0.1706670033127894,0.988661327728891
sample99,1.0,0.8261297992960709,0.0383729277416992,0.7767615874326471,0.9042721089537171,0.5995717330838297,0.6913241641902638,0.8451672536314488,0.4250338474970512,0.7710712236811761,0.9040540586431872
sample100,1.0,0.8261297992960709,0.5567894776388725,0.6411747111311639,0.8642280046981125,0.5944097705714599,0.24861123431995846,0.026337247409254694,0.3459821562559112,0.8589074358889186,0.8523453160331026
sample101,1.0,0.656906547987335,0.6134146295072561,0.5455977249642784,0.40236760004325833,0.39579222050608076,0.3312338980904461,0.8741996641674759,0.6760003013724663,0.555381171204094,0.6356263417262749
sample102,1.0,0.9769446559729711,0.7347983990171596,0.6731068601481682,0.8406195672911421,0.7636757920196408,0.8770158088371984,0.15919098843048207,0.5249839995314992,0.6265828644672474,0.763217607734917
sample103,1.0,0.9020215048719045,0.22815803680644986,0.6801484222913344,0.8037928353808953,0.7974969632979688,0.31788065497560314,0.9318843502824965,0.2211821674072617,0.8538074167299979,0.07849772461707549
sample104,1.0,0.5429973752491887,0.06625517496066657,0.3009915376606458,0.5100655079868338,0.5411480783353734,0.7928154813393714,0.825887003428555,0.2675857688616756,0.29976505099855544,0.05169712672738158
sample105,1.0,0.8509366656033454,0.6432318583345678,0.6872853466475395,0.4877656524296855,0.9275828878067327,0.7685679450818109,0.10416772838862376,0.78640048233205,0.8211503077806697,0.12616622161743452
sample106,1.0,0.8034467378486213,0.350477486526545,0.7483719683018439,0.8903018689167369,0.8359118530845703,0.40609931106396846,0.10121217775367242,0.33116060788087776,0.6114593512896671,0.6554744253038162
sample107,1.0,0.6535157872845202,0.007669148484411359,0.4282065848291543,0.9354143729859086,0.9994119135571106,0.37761971721338294,0.8297603032661629,0.4419694991581177,0.8211503077806697,0.4548170373517758
sample108,1.0,0.8334763292922207,0.7292061019449797,0.14077712612508997,0.5611683173920641,0.6803763942344568,0.8864197023016332,0.9956633570822875,0.1741417298373793,0.5877865923826262,0.5242142715316035
sample109,1.0,0.5979679623241948,0.46321782571585124,0.3773720670203906,0.8727697658194852,0.9650503154677078,0.38407906157415983,0.0063678109131585225,0.364218649991919,0.6833551675671582,0.4938425172724632
sample110,1.0,0.9230786255584087,0.6006627010366354,0.4612534773587076,0.42954143225518426,0.8876708554146039,0.028800898196459146,0.055034400610607825,0.2509889797477839,0.7692512132169868,0.8180413332653421
sample111,1.0,0.9875428113339848,0.5728395776931576,0.2576540073584451,0.8005140230934183,0.9211199338417836,0.3397117868119536,0.8201171761483751,0.22135131784954476,0.07063710690496228,0.7644328273304619
sample112,1.0,0.7314436380352776,0.017667153370483857,0.28417419200256455,0.5055081293126718,0.34096576692301483,0.385216126187228,0.029024441965140202,0.11502200890618619,0.702844297370181,0.8154698956271
sample113,1.0,0.7527599196897644,0.23034051055348437,0.4522443678650806,0.9438582396576837,0.49545652862686784,0.8464281336316466,0.018359945929295574,0.6770140363472913,0.921840426827487,0.10658139466455252
sample114,1.0,0.7164371987678253,0.0187908886556839,0.561569878636713,0.9709932912308562,0.7427075983854852,0.49504951352326065,0.12399037644113287,0.9231248040760663,0.9949590373542074,0.12616622161743452
sample115,1.0,0.5349063125564877,0.6365909821132251,0.3996815148795785,0.3442877713992599,0.5294335218752473,0.7561667567889238,0.15648905532730473,0.48284477388695024,0.8940136244617639,0.8351077798959995
sample116,1.0,0.6785352221143449,0.9104783061047691,0.8506315619093997,0.9284352126943516,0.9147376617649062,0.3212813279129082,0.22023738113472802,0.30051107678662714,0.9925106479076157,0.7953872402137336
sample117,1.0,0.7304615662856323,0.1029203342000472,0.7070126051802124,0.884358629981115,0.7228965874947924,0.20170324714961507,0.8002781225268375,0.13121590903745695,0.3257894081360272,0.5377928806064745
sample118,1.0,0.7782670395655239,0.6403831688172956,0.5550729160011629,0.9072591436753231,0.5900486919626461,0.8790516382149706,0.09178971034475236,0.8551668718495413,0.7187526353390643,0.8494654790160974
sample119,1.0,0.6362355209574786,0.7465855205007239,0.14758104971629038,0.3221280452850137,0.1017374020385916,0.38407906157415983,0.9521274736942164,0.7237396738170693,0.8637857797841036,0.6625559260500553
sample120,1.0,0.9203199879351555,0.0038653929768959205,0.505805404275289,0.8500981946284506,0.6258151178380845,0.8782410656909184,0.8118336604306516,0.30899168729169757,0.9291233618892875,0.1827518706081428
sample121,1.0,0.7226803760344891,0.2503593020249263,0.25016301027697474,0.5599052054039039,0.8740530735349749,0.43142686115615947,0.03359500505152002,0.28139162535511764,0.35462324599815576,0.636240484832861
sample122,1.0,0.5908372785205473,0.6168867002392913,0.5922319786531989,0.7517737865436631,0.9383166735987506,0.8116122940457795,0.0019865426299131572,0.07096664679781273,0.4248672622207451,0.005447386203940696
sample123,1.0,0.6901546573851163,0.6396282792884779,0.4055434264620238,0.6391581303065125,0.17698474070537884,0.35858071977133044,0.21080277464938346,0.44333009279772895,0.5576105993759587,0.36369361802724276
sample124,1.0,0.8588260425673215,0.2228788470910772,0.5140303007552547,0.060105485931002844,0.5443402926264915,0.4299867879564805,0.979302966910142,0.8131161307956428,0.5200490513879233,0.7432694218970628
sample125,1.0,0.09957427671585162,0.6836721690332073,0.7338971730087237,0.9902512080345388,0.47841636157015244,0.30521087183139817,0.025993927143467377,0.9954815712186449,0.674866464387358,0.07006049620637766
sample126,1.0,0.9089891698631442,0.0442659061149725,0.5673681792202129,0.9817008705489527,0.343381559297224,0.7835133388092752,0.17026141139857243,0.05437798503004543,0.8053245096315307,0.43424498195714456
sample127,1.0,0.9089891698631442,0.7260813992742677,0.40592520432068313,0.5586912576073997,0.5823068200159545,0.25480493319702036,0.8020432085562037,0.7933544526856084,0.6622386603645279,0.8386335210679378
sample128,1.0,0.5689746790121009,0.2256431550018282,0.6613231208348969,0.7534943012323062,0.9373984344078989,0.9022366559718472,0.20107490631113334,0.7460935158924209,0.7254281903483407,0.9040540586431872
sample129,1.0,0.7626327439430869,0.7423971444962872,0.9757773408154707,0.6669632412497105,0.9038600227447744,0.6988261695927168,0.15533175280507205,0.9224257330423946,0.7241499627364447,0.08171404076549382
sample130,1.0,0.06279587056835045,0.5420732030080447,0.505805404275289,0.7651754866394788,0.28311739976483896,0.38451966951752403,0.12614470447420323,0.2590270443699999,0.5424904092375519,0.1685622487954861
sample131,1.0,0.5426350781980658,0.6082229063270371,0.6212252371470055,0.5056360747728206,0.8902137828778153,0.4193885706211685,0.1939888957464363,0.36818467390274123,0.7808634412599464,0.9643714096776803
sample132,1.0,0.5426350781980658,0.15021498532867406,0.27837531737610444,0.9911561664440849,0.948583904496594,0.44821534205361213,0.7675924173947868,0.9301617113002209,0.9685201556898874,0.7639119854475706
sample133,1.0,0.5897821358236218,0.5763954112737417,0.557869740579734,0.5187812807740719,0.8413521787288126,0.7766096690494085,0.1809157084580295,0.4544476042653631,0.5440069459282296,0.38864981957920064
sample134,1.0,0.5216669318045457,0.9562448997898194,0.46576862526934415,0.7568541716468119,0.8313894951909906,0.7555297952137069,0.14428940916455502,0.9613175676276644,0.00758359716423207,0.15303451002336932
sample135,1.0,0.7226803760344891,0.018359657667301965,0.2997924242798985,0.6385997371455389,0.7064863792244914,0.9360566974715318,0.017458659176300517,0.406494188005719,0.8417291267781242,0.30578440554629893
sample136,1.0,0.6362355209574786,0.7632850299025191,0.9423383490695373,0.9545483811160765,0.7357302656492123,0.8714890657298878,0.7884197909953271,0.43663606981946435,0.9313630575573489,0.8666303465499193
sample137,1.0,0.5761365150423148,0.23352424753979606,0.3988102450480049,0.8892622859591441,0.5294335218752473,0.26058659568145126,0.18375961191309875,0.4635449661309492,0.8722731915783313,0.4763971931821267
sample138,1.0,0.5909810486814845,0.5696507344737191,0.8267103088216772,0.9817008705489527,0.575584709611677,0.3274030773276563,0.018852283890344324,0.24515378746900485,0.6875808076760371,0.7953872402137336
sample139,1.0,0.5906735762251086,0.6168867002392913,0.49225021694505,0.5187812807740719,0.8337196768186859,0.9372948211284995,0.1638662238110562,0.6476860183256733,0.9204182902020219,0.0371230880324831
sample140,1.0,0.3189403072683662,0.6414745091063865,0.5957557839813628,0.7286171679124751,0.7158210860998142,0.8100886809241736,0.9250483147810903,0.8891915241993014,0.47065634069842155,0.5833608586402999
sample141,1.0,0.6230339064332895,0.020913367533697436,0.2536840317985488,0.8739260022801493,0.07313948238084456,0.2614644468386317,0.2081143998669457,0.29127400860494823,0.6662702725503182,0.9112989580039984
sample142,1.0,0.509650228808574,0.5356609017609607,0.6092149508928448,0.9042721089537171,0.23972912038299932,0.9843375755664739,0.1601747715894032,0.8355177328759547,0.9190118268359638,0.9112989580039984
sample143,1.0,0.7147468237320453,0.6610417920664242,0.5698261958730624,0.8892622859591441,0.9695442221845899,0.7557529919235355,0.012909929078973592,0.43836407417673295,0.9960745763989043,0.7140103351515027
sample144,1.0,0.7652398570176886,0.07078623113142168,0.4251120178936578,0.5024073123063756,0.1657332286667893,0.8555773129947595,0.16253604105721875,0.5486497787235324,0.46027941026305186,0.9994652658484589
sample145,1.0,0.7983735803065884,0.7032701898177937,0.6227717489308902,0.9891767417164034,0.818284873333239,0.4927427952723018,0.08202623478257376,0.8750653362738778,0.7577298402022468,0.21175210856427285
sample146,1.0,0.7139926180272788,0.25451308791402194,0.44125890511099997,0.6319663359725667,0.37048215836354736,0.7724385108632066,0.8457970037020154,0.939327974606065,0.523885658826892,0.5833608586402999
sample147,1.0,0.7302040510211433,0.5696507344737191,0.4570743877392731,0.6562334239200294,0.5064790152542251,0.25480493319702036,0.7563245092948162,0.8681648779019012,0.9463775392616299,0.22286148582709486
sample148,1.0,0.7830341392298311,0.2503593020249263,0.44396828049149617,0.041842231282262166,0.5067562599690812,0.3227059241351502,0.14507556569859892,0.8891915241993014,0.7870466245116567,0.8983008259136407
sample149,1.0,0.8139441290527544,0.6955664310284528,0.5983364426696405,0.6780681402786182,0.4978418677089682,0.01884592437179855,0.8709196231374522,0.9834553081760239,0.744247793636207,0.8150427909218225
sample150,1.0,0.5493169859197086,0.788981999251883,0.31750022810123246,0.9010445437074157,0.9063775336662084,0.4166529774194736,0.19395515849938394,0.4993850080554224,0.6635482846730592,0.05520013578975236
sample151,1.0,0.6974960316317865,0.4760150016815621,0.7718675550840135,0.8913142862895119,0.7239003769726307,0.921500644517974,0.9179416352869686,0.6578066428927056,0.3555578461562592,0.43864121579587956
sample152,1.0,0.7661508941807119,0.6952520240115684,0.029083949888512595,0.8021287021873391,0.7636757920196408,0.3105779136390304,0.9579110476048767,0.20423111291757357,0.7779197491188745,0.15192101375570333
sample153,1.0,0.7778184764919785,0.6253843430408846,0.6600371883209062,0.595950055644321,0.8128764168850583,0.8790516382149706,0.07718935038317976,0.8097246520820524,0.5654118380644956,0.8297762990476657
sample154,1.0,0.9104946877423422,0.6526223470334807,0.859832749895499,0.7568541716468119,0.9347323572407387,0.2855051382833389,0.8373830755138931,0.8492666142650167,0.5640600733007344,0.19155957484788533
sample155,1.0,0.9769149328563096,0.24469547517699852,0.5014401245353802,0.6688579396131562,0.6579910054272146,0.9690173913003828,0.017842460432652474,0.24511442166382758,0.7389055241867017,0.5848489080597944
sample156,1.0,0.7363188502642961,0.1029203342000472,0.511921934404142,0.5454765144542103,0.7044276774273768,0.9022366559718472,0.9832887887707719,0.25359759728926434,0.6056731297475134,0.3212635690527643
sample157,1.0,0.8104132844705834,0.5487481598077378,0.7206590406306675,0.968407515369989,0.7101964618620281,0.46477789537076786,0.07524668440679905,0.8729490048781161,0.5093226583093778,0.8132394654967413
sample158,1.0,0.8289485979100332,0.03174232427735013,0.3896891903294367,0.7708312985496003,0.5560887027388411,0.4332178542228079,0.8698686759454853,0.7189702477421355,0.5787226269852667,0.22896078970540956
sample159,1.0,0.19980807737048745,0.7423971444962872,0.34225008562753634,0.732898080536476,0.5578873608336553,0.8806050157223243,0.0019865426299131572,0.2723271769497436,0.9411044353022814,0.9777143815047393
sample160,1.0,0.2595532491974152,0.7260813992742677,0.5062469503396084,0.7418968780592962,0.9810016633804628,0.4991674758567821,0.8157986032476183,0.8822089373147847,0.0830274848504966,0.811159874474178
sample161,1.0,0.7888353321633572,0.5780030558939503,0.39203102817867963,0.8488189264395151,0.8763963930380738,0.34698576436537787,0.7687970528293078,0.49924884239678446,0.642879867615277,0.6886812012227641
sample162,1.0,0.992155622185733,0.1168249113256864,0.5845112162070111,0.5025487571812056,0.6022471778874281,0.36400052922448467,0.18701791809325663,0.8696932229166585,0.8436210001089341,0.9347227155189386
sample163,1.0,0.29039277127336316,0.5005402285906505,0.3480119158123133,0.8218026322912787,0.46145476599046065,0.3530039460275459,0.21872371793673717,0.8681648779019012,0.9375087664530986,0.9414748975389022
sample164,1.0,0.5843295890599021,0.6385132383595901,0.49246038668678926,0.6458415264350384,0.607386688984241,0.4931505322771573,0.2266059896207866,0.603651794369326,0.5595483507593341,0.9975239613409658
sample165,1.0,0.7304615662856323,0.2076706688812482,0.7047383817024432,0.46497603788957376,0.8876708554146039,0.24622724011376684,0.8751544898439263,0.44333009279772895,0.5161868090401873,0.8828767975375272
sample166,1.0,0.7633816404253955,0.004316315939731474,0.4321670386955464,0.6588502165997002,0.6388855167752873,0.921500644517974,0.1426307730553834,0.22498224393916744,0.5638298216451697,0.418117786640707
sample167,1.0,0.9104946877423422,0.5527959268847893,0.4616808613797625,0.5454765144542103,0.7963433642813217,0.29982090465761924,0.790011036676768,0.2633166417999905,0.526981684881045,0.3148275934999736
sample168,1.0,0.992155622185733,0.5344587001464217,0.14698631345265523,0.09145136054220981,0.7357302656492123,0.3073521647732047,0.7535568087277914,0.40017329794835343,0.5093226583093778,0.50838609992906
sample169,1.0,0.7151618846475077,0.6432318583345678,0.49490809610440234,0.8005140230934183,0.9945085925941363,0.9427163233313121,0.022405062968008038,0.010448156286031018,0.8365078840240354,0.5898427279254131
sample170,1.0,0.5840913187344342,0.664107624417183,0.4529451419938383,0.8173438467514172,0.6628532049247486,0.6937052179669131,0.11916393758497468,0.4280916183086514,0.9398731406420077,0.7486996812111237
sample171,1.0,0.10408607314504914,0.6955664310284528,0.6193024571634488,0.15472185252691462,0.7612369802071116,0.4893100875168279,0.7773555566540641,0.3840330819796085,0.7019207028792077,0.7650767926623429
sample172,1.0,0.694370504939818,0.6518720211572341,0.6581132754520237,0.3552860628438197,0.6010149870630977,0.19496619535181514,0.8853843013902638,0.5629778836142697,0.8141338600614606,0.8766493425317866
sample173,1.0,0.3685566916624784,0.6610417920664242,0.9021512041240488,0.4666706041481953,0.5866625149608176,0.9124322893143854,0.176707505404195,0.5218886121006759,0.8189217572396202,0.7396874104879777
sample174,1.0,0.9452105344733114,0.13601825733501338,0.4362907372653645,0.732898080536476,0.7726855082228176,0.8115742025581983,0.8975136717070414,0.7004402518350267,0.30525569983961676,0.08337967749252506
sample175,1.0,0.5806852304972248,0.7122381970027803,0.3100666976732499,0.26598798578065863,0.4972647303391553,0.20219871808021506,0.9733415137558574,0.7553108610307071,0.7775153485777848,0.36491597144333543
sample176,1.0,0.21917473189392234,0.21828162820929076,0.7029669912491844,0.014430688211488074,0.24951512262372744,0.3567771070031823,0.7683231985008263,0.8674549333898043,0.9026740140714224,0.5274375907807612
sample177,1.0,0.6955821606135237,0.09679576903623588,0.37087172473273444,0.6940006530907226,0.7250490767765058,0.3387907018728721,0.8734367246873206,0.43938848608385295,0.9154537140649185,0.9085109968684529
sample178,1.0,0.9994756875868855,0.079431946838743,0.3574720355524579,0.8650902103582955,0.6026013196151065,0.31759674395215987,0.2121380859984281,0.2949907770583641,0.9059256045596439,0.04666349328952135
sample179,1.0,0.2065432020154392,0.602850993855429,0.37725163103709813,0.9359758262300533,0.47750071730740573,0.6053526608831727,0.9845401786368451,0.43938848608385295,0.9093975264471192,0.1760699343688804
sample180,1.0,0.7440290277877339,0.6483578870935829,0.7130039521449066,0.8406195672911421,0.2253007227819207,0.574314517586053,0.04664349756402009,0.3960530292949267,0.763139475997921,0.9777143815047393
sample181,1.0,0.6458002240423756,0.9044417921388503,0.969142587453344,0.6588502165997002,0.5592033742260656,0.9126702980459575,0.9297222491733582,0.3739908939747597,0.5519887308903295,0.8150427909218225
sample182,1.0,0.7440290277877339,0.5379985024270841,0.7289273612183802,0.9895248070505431,0.8761566312864356,0.6614528861110034,0.8919798644531065,0.8126068466896481,0.9313630575573489,0.8500126144235529
sample183,1.0,0.8721848841542321,0.0038653929768959205,0.40592520432068313,0.5227636534982194,0.6575304609694751,0.5557558150592882,0.03175690408289067,0.5778483872384208,0.522276785725075,0.7126598370988945
sample184,1.0,0.6403523412672083,0.17862894576004795,0.3896891903294367,0.1446129659549782,0.5534463610849263,0.6671633165157428,0.8746000815337314,0.8641537194414479,0.6638354722152281,0.9643714096776803
sample185,1.0,0.9436054667153961,0.15602845785559216,0.39755858014454915,0.8903018689167369,0.5059979472117411,0.4893100875168279,0.9807860843056184,0.33212703099049834,0.6622386603645279,0.9529456283279891
sample186,1.0,0.694370504939818,0.2200839322453112,0.7092751918971005,0.8223770620662265,0.5900486919626461,0.637244026923743,0.13315200464466126,0.3199137706842411,0.8436210001089341,0.00045177898609960465
sample187,1.0,0.13957706100930845,0.5957765709194961,0.30665347700310364,0.8401838328291455,0.991632472569192,0.8100886809241736,0.9449769534064923,0.2590270443699999,0.5664511251511162,0.9093825462605178
sample188,1.0,0.3999914242849606,0.7149587982038303,0.5062469503396084,0.848582539203625,0.8126801423538612,0.7829854962002778,0.17400850762929032,0.9888777518831718,0.8806588840159818,0.3046622123247299
sample189,1.0,0.5689746790121009,0.27223507285738524,0.7505861010454521,0.5871992109072659,0.8235533858201135,0.61238396017432,0.11364736939599207,0.5871542476739045,0.863902873609151,0.24168754130271464
sample190,1.0,0.9863485108715231,0.11712211072188883,0.44396828049149617,0.8173438467514172,0.5047822795919307,0.7329338736695428,0.8969669407716541,0.7501044244665582,0.6692614677001859,0.9672465654531747
sample191,1.0,0.7045672957780832,0.1699986023944079,0.9439317876265259,0.7532397759411736,0.9032643623098413,0.31278533157484034,0.10353168409831603,0.364218649991919,0.9747642599550729,0.1760699343688804
sample192,1.0,0.8480753123662816,0.6385132383595901,0.7350662437555943,0.24170108433630533,0.9583232861615012,0.3890124217765468,0.8256267060756024,0.29435675503546077,0.9830139030875392,0.3469660836323796
sample193,1.0,0.884672971113442,0.0038653929768959205,0.47767643413484817,0.9864144200508754,0.5611700178239064,0.14984630254113518,0.14253315776176367,0.2447796960534111,0.5361161700648879,0.5824908576612939
sample194,1.0,0.9876612956671997,0.0339357783868971,0.4592291944332948,0.5300665043307806,0.9275828878067327,0.4193885706211685,0.8498273379503365,0.6876649315749147,0.780091449839968,0.6016699086489031
sample195,1.0,0.6661535207384663,0.7099306809960055,0.2850432910339191,0.8533366809550221,0.8390836117892831,0.3312338980904461,0.19500299454839343,0.12255844904305735,0.5923590442117036,0.1827518706081428
sample196,1.0,0.8893234504022597,0.7347983990171596,0.6094032682162156,0.157212941894597,0.5671661087368859,0.5562953687511056,0.9820243712901006,0.7354700577476131,0.5042269381244922,0.27470739048835857
sample197,1.0,0.9294196421826122,0.2524388467725762,0.1804369304225153,0.9570429568899704,0.9695442221845899,0.4891385827870195,0.7898785015683221,0.7356030731602209,0.526981684881045,0.659820316795285
sample198,1.0,0.7916599110709502,0.597211497357959,0.19052682991246372,0.3243315264734026,0.8198431649368365,0.9308181467825694,0.9971409315498044,0.06280651234312506,0.9411044353022814,0.08129315908873758
sample199,1.0,0.6691036031479298,0.19029625748771883,0.4522443678650806,0.766212016257582,0.8250312690380075,0.35262446387852187,0.797138947431805,0.003321708320651595,0.9907405398050532,0.13725145128004757
sample200,-1.0,0.4614151538873268,0.8230571633385037,0.458468962481422,0.8799201138754268,0.100218834491271,0.6434781625173911,0.38775759047409664,0.5120130289230078,0.3846553665334219,0.5783890597361337
sample201,-1.0,0.15861531839627507,0.8052154856855146,0.8259232160207698,0.2528259531451086,0.45181356066954925,0.637244026923743,0.43663182819269586,0.38517322264518883,0.47065634069842155,0.4011338723807413
sample202,-1.0,0.015053024774653534,0.1613740059425931,0.8208003701764679,0.4636589763122725,0.1350608610439611,0.40921853158118815,0.6600443573401392,0.16116406944469075,0.34376761577104853,0.5588886708696373
sample203,-1.0,0.2543016971647206,0.40544716546941817,0.8942336867946191,0.2272332317425575,0.1304529992546697,0.504840768232807,0.39984822353853167,0.02032321359155298,0.11135076258137211,0.30578440554629893
sample204,-1.0,0.1511921994574441,0.4132580919758583,0.16345945392489247,0.3565271037777936,0.8299555489929482,0.9364261017339358,0.5872757826026339,0.6208878980403637,0.4019583513644661,0.7336555831385347
sample205,-1.0,0.9994756875868855,0.3557667140668689,0.859832749895499,0.358942184878406,0.3563065194864131,0.669008355495011,0.285353199717985,0.6105762816847801,0.09105254383380257,0.05153081949718297
sample206,-1.0,0.46044097446873933,0.3868045760626755,0.2536840317985488,0.08865814170274311,0.2113710951184108,0.7685679450818109,0.6117171270971082,0.12255844904305735,0.49504147076738036,0.7625697076089478
sample207,-1.0,0.9769446559729711,0.8059056663765753,0.031967384684353006,0.34228492164067525,0.2418615077366938,0.3227059241351502,0.4022608076737543,0.08567460602243115,0.36525542293947477,0.5094519417424339
sample208,-1.0,0.4089252022237506,0.6312147419553418,0.10182512229874541,0.38035498932617806,0.7101964618620281,0.24109115129179404,0.32536453353830774,0.26177716327778533,0.3265455201637031,0.4419930550171365
sample209,-1.0,0.3468684941507011,0.9759952061825568,0.7975313160359685,0.3275788185138292,0.020013120365119708,0.7232439191343503,0.519001055907522,0.23705234116968943,0.34774149959679357,0.5626333236916408
sample210,-1.0,0.7451292968363841,0.2779800821027445,0.25348020664380466,0.27208038381653854,0.2066689927740194,0.7400273371917871,0.37863139113458777,0.7349639452803121,0.07797527891656153,0.6069595086184039
sample211,-1.0,0.04707027972008926,0.8038196209743722,0.033668896887485755,0.08865814170274311,0.619498643770398,0.2138734486764987,0.3029581316569482,0.41226728958638403,0.12446537927975021,0.3742860483363172
sample212,-1.0,0.23001052263735833,0.4462973469261713,0.14698631345265523,0.14163368595728953,0.22297854182689902,0.11857238092373557,0.39761766189975667,0.3446303201031282,0.21452823619494332,0.9477289789259037
sample213,-1.0,0.017609762120689543,0.3470616665824344,0.01453453824333395,0.11841113550393423,0.3317856961786272,0.43217068187397245,0.36989466173584484,0.6222182533243278,0.9291233618892875,0.7131969885251188
sample214,-1.0,0.29993510597424766,0.4930905704227292,0.00712183815284273,0.9951191234992871,0.4369186597635605,0.3020851973311266,0.4237643657886445,0.20581783150199062,0.24590126061514028,0.7250898090510485
sample215,-1.0,0.589242986067106,0.28853339467890426,0.9214476501817024,0.45722391582664457,0.3410741753174318,0.9738896510862719,0.6365292533707323,0.8625582862782251,0.25018796869756077,0.24351803515847492
sample216,-1.0,0.04925981828155557,0.44407922420427115,0.7546097777238205,0.9284352126943516,0.27206606308165915,0.031722431807582274,0.5927143906446505,0.6939980673186765,0.022824303774543253,0.9018776964888535
sample217,-1.0,0.5031815354341485,0.46128331497399755,0.035541669070322635,0.27481523652107887,0.6579910054272146,0.2857880644704551,0.673582902239338,0.06079086942873668,0.07147473335111987,0.9036255273783075
sample218,-1.0,0.8791254131837124,0.8108159573331793,0.006898840344041868,0.9359758262300533,0.285552961094545,0.6582689071692525,0.6290308410133111,0.6706790419328785,0.025455979378186444,0.7099579018115103
sample219,-1.0,0.22028312291647856,0.8138524926403706,0.21601571528201713,0.5024073123063756,0.23614064548564606,0.5782875082909078,0.443974742019435,0.5749551121861808,0.9596009233845234,0.2567491852236241
sample220,-1.0,0.3633405651132341,0.2877975890519804,0.3100666976732499,0.6058529451239849,0.011344960040088337,0.03380954622208532,0.2960088127721858,0.877958590341327,0.45189968509469836,0.4035937283925406
sample221,-1.0,0.445704188616173,0.9408001218121619,0.9791194733985441,0.3342850639978806,0.37484869631981554,0.22328392277176135,0.44054253269029653,0.663991809969801,0.3137132417592712,0.3742860483363172
sample222,-1.0,0.4089252022237506,0.33779255347630444,0.34225008562753634,0.45722391582664457,0.2488087963109532,0.7170081161171131,0.6194712845306058,0.6168455337113614,0.363638961506103,0.8950643270704841
sample223,-1.0,0.13552373976490928,0.42087054902549637,0.0775033418703639,0.5611683173920641,0.6388855167752873,0.5703896125046912,0.5681104262727412,0.43663606981946435,0.0076124943151931745,0.6218516825564889
sample224,-1.0,0.44036578864281806,0.9044417921388503,0.844765905960932,0.02873374531122508,0.7427075983854852,0.0649584717427244,0.5056586549907562,0.4250338474970512,0.017444005874654334,0.8579557268899244
sample225,-1.0,0.10617155801728839,0.4158620153500612,0.7517218926003577,0.8593507019151387,0.26973923116445553,0.09414452356918934,0.7144608447219694,0.2053810721046161,0.5806131919426727,0.24351803515847492
sample226,-1.0,0.4698986722233266,0.811450310187664,0.07551560057596485,0.8295695444915415,0.36130945755773236,0.5594360220420871,0.2665327382646807,0.18391022702339177,0.025606877252338123,0.7928259238534598
sample227,-1.0,0.5843295890599021,0.7762172864476359,0.3888472703014987,0.26598798578065863,0.13463537773734913,0.5032273958439347,0.4159614757707578,0.6578066428927056,0.43492052673986237,0.7644328273304619
sample228,-1.0,0.5461938504660493,0.7762172864476359,0.7614848611024525,0.173792220161598,0.02117136676399245,0.06545050034543964,0.3896282107637854,0.567308978655801,0.04036551477293504,0.1622587698938327
sample229,-1.0,0.8342509834222027,0.5509697887919454,0.9423383490695373,0.9657400744735624,0.038174762757259284,0.8414531170959014,0.5936861920110189,0.2976160331921702,0.44865216922697226,0.05169712672738158
sample230,-1.0,0.25221801901382856,0.8438608230292113,0.11558220434100253,0.8406195672911421,0.13940340677606622,0.2390020906835657,0.43554889140646424,0.08755059838779189,0.4721018542680465,0.5833608586402999
sample231,-1.0,0.9203199879351555,0.4584771401383395,0.44125890511099997,0.05423009448295646,0.23972912038299932,0.35858071977133044,0.3932498565536082,0.08559835581308917,0.0830274848504966,0.6262630477973742
sample232,-1.0,0.014224388292887635,0.5128458909672098,0.006619989921196501,0.20986403515167174,0.3309226622763296,0.1285627302390806,0.5582881896777534,0.4894042144218582,0.1393056606324612,0.3513858255937785
sample233,-1.0,0.6243948636445962,0.2779800821027445,0.07842530037518924,0.9172113074563202,0.4306019902211061,0.14984630254113518,0.6483095269464764,0.2590270443699999,0.31914666681961334,0.24168754130271464
sample234,-1.0,0.2627475752333104,0.0383729277416992,0.02881113084383824,0.897426910605452,0.9994119135571106,0.6906313013070483,0.6965554418294669,0.33605411259019713,0.29790290760113414,0.4761634383790908
sample235,-1.0,0.398831022352343,0.3916543328339408,0.14077712612508997,0.7286171679124751,0.100218834491271,0.0026952604269321334,0.672149921376781,0.603651794369326,0.06342094525876585,0.8430740326890325
sample236,-1.0,0.4665234526634825,0.299140236164508,0.9929634027582563,0.32115597922434913,0.11297951740801215,0.6321916004366397,0.5751261937698379,0.38598928138476307,0.017382621926131492,0.6367713933969216
sample237,-1.0,0.8027231448329213,0.35204620114657026,0.06380792841854943,0.42393155154767803,0.1657332286667893,0.6583275379574582,0.41600338008834215,0.10267537988900266,0.3201157572003568,0.3807625666521379
sample238,-1.0,0.2514021874406174,0.4206988870402927,0.8574895644267349,0.0014655637908617125,0.3152395534564889,0.7379935403251071,0.5225371938113333,0.24511442166382758,0.21424074331183085,0.5618778474576115
sample239,-1.0,0.29039277127336316,0.37390549633771986,0.18525001357566906,0.3552860628438197,0.04532931566974663,0.10098781776995891,0.5699466647077874,0.9413806679981033,0.3624650565865273,0.6554744253038162
sample240,-1.0,0.45229040068384874,0.004316315939731474,0.9069190118141061,0.6904051087269895,0.42588607897852915,0.2138734486764987,0.5939698012170213,0.7236367376484041,0.08512860278744405,0.6054050951485634
sample241,-1.0,0.21908834385814235,0.15602845785559216,0.8681335728086117,0.12261056800720038,0.37048215836354736,0.6780894989399402,0.4347004113182421,0.27024377266308897,0.21178156849701624,0.3212635690527643
sample242,-1.0,0.2232892599291859,0.9504327646470119,0.12825170383995443,0.06094176540453966,0.4369186597635605,0.0649584717427244,0.5225371938113333,0.1185379862270638,0.4046641383488694,0.5969036829118076
sample243,-1.0,0.24892157633170542,0.8168237795739175,0.11222234517331053,0.46717833035569867,0.00374985791886151,0.02947183104277007,0.6214605963129127,0.5965585194146088,0.2664116501419629,0.6081351136825545
sample244,-1.0,0.41420945689899424,0.14536679338349956,0.7634543344841153,0.26687520029374,0.32771229704821714,0.574314517586053,0.5207790608841845,0.5772985384895928,0.3201157572003568,0.6604504495061223
sample245,-1.0,0.23663190020199265,0.9313927604051445,0.2414702541541447,0.03617236832136461,0.43647976249278353,0.6832573781735333,0.3378240252375121,0.21228672988931274,0.1706670033127894,0.5611128790503392
sample246,-1.0,0.8509366656033454,0.5066061487976794,0.18894365902783916,0.6076936459819975,0.7038081931198569,0.7703896351156725,0.6224742833419731,0.7861352554739343,0.33673481200306776,0.8662385052661573
sample247,-1.0,0.268169102662174,0.5066270070846124,0.7461447995448919,0.6657346419260068,0.28078857447199423,0.06434112352148869,0.6973711451799387,0.20643490921891605,0.9108856968841066,0.028283451612968302
sample248,-1.0,0.16303394577063557,0.8074777016349168,0.19865550857120318,0.14163368595728953,0.43620475032930794,0.8793918281080727,0.6435025538013351,0.40017329794835343,0.14292648023406185,0.534733934716412
sample249,-1.0,0.034106691977286774,0.8758499655509144,0.22952214720934827,0.2830476110691438,0.43052233516549876,0.11065433314632822,0.6969896957212839,0.4894042144218582,0.11798179778090645,0.5377928806064745
sample250,-1.0,0.5031815354341485,0.9592659152711265,0.8440040357595512,0.3899849820173221,0.1350608610439611,0.5077809022688151,0.4276052007580835,0.8131161307956428,0.17214779968937588,0.4548170373517758
sample251,-1.0,0.4010800906959512,0.2256431550018282,0.7718675550840135,0.1515821142486884,0.7228965874947924,0.10298299440486769,0.6298665197050121,0.1247545239105794,0.12359766870375333,0.6159160562274596
sample252,-1.0,0.4830357827001226,0.928861116880368,0.9439317876265259,0.9438582396576837,0.04532931566974663,0.22279799775006226,0.4061196912854196,0.43510376935140227,0.009130571590396208,0.6340279344868052
sample253,-1.0,0.7363188502642961,0.7908178960467565,0.17052284907761261,0.28599650761817497,0.8126801423538612,0.8243719397169004,0.5855526361677411,0.43663606981946435,0.41505923512929477,0.6016699086489031
sample254,-1.0,0.2993638736474489,0.664107624417183,0.12277609443378001,0.18776567416433587,0.8761566312864356,0.15369177288195512,0.4633429762007091,0.9269028940763808,0.3749058300469531,0.4975655205045082
sample255,-1.0,0.3483870171643594,0.41790066392462,0.10182512229874541,0.2920320542934359,0.490130510604616,0.5820364044020258,0.5155641737319305,0.10863524092471688,0.1763072709330834,0.9347227155189386
sample256,-1.0,0.5148818302563637,0.43851153503361684,0.6212252371470055,0.7651754866394788,0.2253007227819207,0.5032273958439347,0.2968668088178399,0.9518750052242965,0.3137132417592712,0.29129884933006456
sample257,-1.0,0.5140772526628589,0.9985920643657609,0.8841885206594465,0.12221416447653066,0.00374985791886151,0.37761971721338294,0.471842333793955,0.05824615345842199,0.36633250379457016,0.4963378536092532
sample258,-1.0,0.2406299291845031,0.5140073874733813,0.040976533132951465,0.2974977320023767,0.3499113596729997,0.2678314317584026,0.3510472854293616,0.2175623851299956,0.12894208909921734,0.5783890597361337
sample259,-1.0,0.7916599110709502,0.39495632446025053,0.9637575225589539,0.20502456994269613,0.07979271930548337,0.4332178542228079,0.4728516305439856,0.513491170318806,0.3905602544812219,0.2702993933849085
sample260,-1.0,0.33099288927038906,0.47697412697912644,0.9241593900671307,0.05458146322694546,0.27886454934332416,0.2379632729888187,0.3928137017558787,0.364218649991919,0.8722731915783313,0.5057712585622207
sample261,-1.0,0.16531398680109166,0.9375334956193044,0.15591547324482746,0.3864417158835135,0.4007473652252066,0.5431191818959217,0.4630284045336599,0.4140543353149847,0.41120496272768103,0.48094358316817587
sample262,-1.0,0.46940261314792786,0.42087054902549637,0.7458076915467649,0.418642680792638,0.16704421459193586,0.8456507749779473,0.7319111012104796,0.06940739150955166,0.46925304142361013,0.8297762990476657
sample263,-1.0,0.19582203872775483,0.9109157866814735,0.7634543344841153,0.4239005966962278,0.4697428903011631,0.6816972841602699,0.546523848333572,0.5629778836142697,0.02165194901043288,0.6827377238800411
sample264,-1.0,0.09957427671585162,0.6396282792884779,0.8726713895912543,0.0014655637908617125,0.07979271930548337,0.17616452062086796,0.5741230935749593,0.8637956784497276,0.0234967826627569,0.48396577834388865
sample265,-1.0,0.19980807737048745,0.804049979784017,0.031967384684353006,0.6796084106078931,0.39579222050608076,0.1919731452907243,0.3425174242845376,0.49924884239678446,0.21452823619494332,0.4975655205045082
sample266,-1.0,0.22630299102524476,0.5367293158177581,0.943048549069267,0.6661835361368096,0.5944097705714599,0.2981977399785093,0.43030699400126726,0.46823813276001514,0.44807990934627595,0.05271293803655763
sample267,-1.0,0.06279587056835045,0.41641630343994174,0.037416500664231966,0.4666706041481953,0.45947784555956084,0.6241000993612601,0.6509781671199114,0.10217403430245164,0.4906421517931976,0.5043113542501781
sample268,-1.0,0.2760061161069235,0.8762499512378444,0.18715476706556655,0.7744388112683711,0.29406135643820097,0.4076513968940315,0.2832747244692525,0.4635449661309492,0.4952161112288359,0.4283800768109117
sample269,-1.0,0.3013115781149882,0.9526974245369065,0.9160269563086814,0.1434274976175678,0.47750071730740573,0.6344764909028884,0.2634585292203948,0.058756679176298676,0.2884012237432907,0.3733534026279618
sample270,-1.0,0.2549525422938068,0.5098823263464507,0.1804369304225153,0.041842231282262166,0.31864656529892654,0.6832573781735333,0.5171548873446166,0.7618246715819313,0.1720013326048384,0.9822867552596815
sample271,-1.0,0.4262476870784353,0.845328204457981,0.9746559287867017,0.19853826644886363,0.2489308452152902,0.1293818838158285,0.31158152666508854,0.2509889797477839,0.3562030779791998,0.4014844048482338
sample272,-1.0,0.398831022352343,0.9275485256257714,0.7946705310495835,0.7532397759411736,0.28078857447199423,0.1852573830299855,0.5936861920110189,0.7874152348964285,0.16277363947138968,0.45537923127575486
sample273,-1.0,0.7302040510211433,0.9340147605115213,0.05108745561123207,0.0684475704040316,0.24951512262372744,0.6053526608831727,0.38018685722296597,0.2824562106176588,0.15394697168447213,0.4730335721709663
sample274,-1.0,0.4932001394518949,0.37738558191917504,0.0044727691448728235,0.020451089859365834,0.014928924942987032,0.6234973332672908,0.5469737871753434,0.514461346675622,0.4356400180775081,0.4853844199080287
sample275,-1.0,0.22028312291647856,0.3306388854002812,0.9929634027582563,0.09381848437177331,0.19047632018415261,0.6515352702093293,0.5171548873446166,0.00345317091768349,0.14263322080706942,0.5063343911046997
sample276,-1.0,0.5203011391221466,0.4164891297845643,0.30894173338762143,0.1347961399558616,0.01588023056029708,0.61238396017432,0.4188548280450487,0.17344663769313573,0.16581693753539917,0.27470739048835857
sample277,-1.0,0.0259007336043674,0.9325880594136446,0.9746559287867017,0.017200342218192444,0.15981512175946389,0.12796611379860012,0.32157199355680355,0.39525938647031944,0.1409349682233496,0.2922695172250711
sample278,-1.0,0.4932001394518949,0.5180536120793974,0.1632479035617982,0.26598798578065863,0.4009856116560597,0.8782410656909184,0.5156020755958516,0.9194096800151008,0.39808399232787317,0.4845588582679372
sample279,-1.0,0.3393463540008431,0.3700593792872493,0.643576504264854,0.6940006530907226,0.5671661087368859,0.02339331426570823,0.6970987255566682,0.13798583674772313,0.020228862025337246,0.5812363723234407
sample280,-1.0,0.3751049541649163,0.912136195511887,0.7525196617600006,0.3240460574741695,0.12847846890049752,0.6515352702093293,0.6307499505282307,0.23705234116968943,0.05712296505130676,0.6053683510646071
sample281,-1.0,0.4665234526634825,0.4925134305864862,0.976218057896818,0.3859029180443455,0.0002495813396568014,0.1719641515864042,0.571541345408644,0.7444833302755949,0.3951478422406448,0.5588511615865326
sample282,-1.0,0.3444912677498805,0.5069444845804905,0.037016769974665076,0.3300828010212291,0.3433239363202152,0.27991005715210926,0.31827573971135203,0.23071675988634088,0.19131079111931393,0.31648827105133504
sample283,-1.0,0.7717788781391197,0.9066194418957646,0.4612534773587076,0.43118565280464716,0.07415536239061393,0.7085472151952474,0.6533700793511432,0.06228544272337366,0.06342094525876585,0.05819491043099001
sample284,-1.0,0.4745395722894433,0.32753923523701634,0.7977837162164182,0.4971745860521729,0.6010149870630977,0.6937052179669131,0.3473644454705984,0.624286281505089,0.19867752756580315,0.6367713933969216
sample285,-1.0,0.3751397984518733,0.4112822476041623,0.869867307204029,0.3272491118301325,0.3317856961786272,0.6780894989399402,0.7371190055401879,0.5249839995314992,0.8257465268533237,0.32331138300464024
sample286,-1.0,0.41711657647153566,0.4156151233911337,0.8069134711930951,0.8218026322912787,0.29955936888439116,0.41573927152819234,0.41784431628092766,0.589145567071261,0.3596476887345611,0.7336555831385347
sample287,-1.0,0.24892157633170542,0.32602690413013846,0.8506315619093997,0.11841113550393423,0.16843849320314874,0.1719641515864042,0.28871709469903406,0.2723271769497436,0.49289975102828987,0.2962135479794443
sample288,-1.0,0.007774581261955293,0.7154768280461169,0.8259232160207698,0.43183106460326426,0.2650589639561617,0.2138734486764987,0.3660895331641789,0.5772985384895928,0.010431605459980453,0.3410247661007261
sample289,-1.0,0.5140772526628589,0.5040609944840525,0.17477033940184772,0.009680423240896796,0.2066689927740194,0.2983143064696031,0.4977762560213582,0.6547955710414833,0.34376761577104853,0.7644328273304619
sample290,-1.0,0.8104132844705834,0.7727461175738554,0.7654527946886964,0.20986403515167174,0.8395706603995925,0.4193885706211685,0.2600534069416598,0.6293501716591637,0.4639291462863885,0.4305282324439733
sample291,-1.0,0.15675082389319783,0.17351196302855354,0.029083949888512595,0.3619089203844268,0.051703152961951826,0.17616452062086796,0.5045308127833,0.06280651234312506,0.07321904626789999,0.8132289067410767
sample292,-1.0,0.4871265679536285,0.3335729866372912,0.18280849815733868,0.11759786457386323,0.42157355510558714,0.1852573830299855,0.30734857784594016,0.178643908606823,0.9267869349494418,0.2556746414992732
sample293,-1.0,0.3189403072683662,0.4760150016815621,0.9309243903549859,0.5502284088225216,0.4007473652252066,0.14984630254113518,0.5493972154984236,0.24515378746900485,0.3783549408904725,0.6218516825564889
sample294,-1.0,0.8537103978778746,0.5051355209796101,0.07551560057596485,0.46477160118900085,0.9303218773425272,0.20038166455383255,0.5706434049074163,0.5038662580130475,0.10483854662929681,0.3410247661007261
sample295,-1.0,0.22210488921052574,0.9841940021065927,0.9089437975715566,0.4261925465837457,0.34786055294211415,0.8676357966368546,0.32278091548097365,0.074216473651736,0.18732834971573464,0.6367713933969216
sample296,-1.0,0.11341764948761779,0.04922610202494304,0.006898840344041868,0.08324282113530435,0.33544041509663614,0.574314517586053,0.6234649209714956,0.12754765567384307,0.3846553665334219,0.638128037186743
sample297,-1.0,0.4010800906959512,0.9254778402831889,0.470780435288633,0.27208038381653854,0.4841403634281636,0.7676045224304291,0.42307393036304874,0.12109575259491578,0.3915259293441866,0.3409051949497436
sample298,-1.0,0.16034213558940258,0.825034019140545,0.05633462493667418,0.7312412826605633,0.17138022496978633,0.5910654160316976,0.7179293111278203,0.10267537988900266,0.763139475997921,0.4283800768109117
sample299,-1.0,0.40564462222336883,0.4773188718424243,0.1632479035617982,0.16498507376351335,0.21672082956253624,0.6234973332672908,0.5636880924178888,0.9755580511740749,0.20033269351884075,0.596523614318882
sample300,-1.0,0.08242937762035263,0.9739683173040382,0.9016529968478671,0.27481523652107887,0.8906002558942764,0.18115903571528857,0.45192448360147364,0.4181169232928238,0.15969493303601712,0.2415867447849852
sample301,-1.0,0.0341087770223687,0.7850630198706505,0.9377740040110498,0.05810534117038546,0.42053567691941374,0.055901459610284476,0.5636880924178888,0.2447796960534111,0.29976505099855544,0.5274375907807612
sample302,-1.0,0.26622206982972163,0.9229622761904179,0.7517218926003577,0.23972832814470868,0.4821614263994335,0.8958666208998147,0.7261695609155282,0.5436170826668876,0.6114593512896671,0.74365243490215
sample303,-1.0,0.6535157872845202,0.9291692672974196,0.7940584436408309,0.6007998614607643,0.13493208870247142,0.09414452356918934,0.5185368209294052,0.12109575259491578,0.0974833783374276,0.6336282752917674
sample304,-1.0,0.47315971586602534,0.3557667140668689,0.94017110434334,0.2494605243577639,0.2394691393936349,0.7193213595000689,0.7417329286788727,0.1822837452629794,0.23609407485188938,0.6336282752917674
sample305,-1.0,0.4892828912800582,0.3967877671928155,0.05164113023089001,0.15472185252691462,0.28078857447199423,0.5820364044020258,0.6799341869773893,0.21228672988931274,0.34282683076966647,0.8358261000993964
sample306,-1.0,0.5171490872286908,0.9375334956193044,0.040976533132951465,0.0684475704040316,0.020013120365119708,0.7694107342223229,0.7273524981136746,0.566821595109423,0.3749112550381456,0.40786915059951223
sample307,-1.0,0.8051964146780597,0.2877975890519804,0.15985230557390573,0.3055689874131553,0.47841636157015244,0.9091737632609832,0.6182245649672586,0.8757926579979831,0.1409349682233496,0.5824908576612939
sample308,-1.0,0.0940218083382992,0.9058981014617392,0.976218057896818,0.708907284074433,0.4306105976574104,0.060830131785619024,0.6653209545527937,0.8143238178370074,0.45966003327109695,0.8460431015952785
sample309,-1.0,0.7526444037868796,0.48152425765256646,0.09782691254890086,0.24170108433630533,0.2113710951184108,0.0429405163738531,0.6182245649672586,0.6583117456294517,0.0234967826627569,0.8228611345153362
sample310,-1.0,0.7652398570176886,0.37644122580179595,0.9588845331002109,0.5190053312690232,0.09433336865393427,0.0849984887076557,0.2960088127721858,0.23607611857762467,0.025455979378186444,0.5166338646774895
sample311,-1.0,0.5349063125564877,0.9114490607449853,0.9278587845469828,0.6379041839265077,0.09433336865393427,0.9651370729928007,0.543625652193581,0.7349639452803121,0.07321904626789999,0.6831611156654455
sample312,-1.0,0.8466507329797839,0.9783396351749359,0.18315105337131776,0.884358629981115,0.42053567691941374,0.9126702980459575,0.2602383330093322,0.41226728958638403,0.8589074358889186,0.012565906734151366
sample313,-1.0,0.21908834385814235,0.32480143967415287,0.07835950437486139,0.3673954611086355,0.8436227795829647,0.0743158651942234,0.5235257388645438,0.9305573901765207,0.1295831508055001,0.8527318796990099
sample314,-1.0,0.08242937762035263,0.32602690413013846,0.09566356407509458,0.3306066431748418,0.33773327734805636,0.08973549975531381,0.3124454517491996,0.3661517198654718,0.4099432541163468,0.8500126144235529
sample315,-1.0,0.27018909527368373,0.8499340032757063,0.00712183815284273,0.37656327715189686,0.004380421039649862,0.5782875082909078,0.4447645213296587,0.17533828722506528,0.4482549157136473,0.5878381344492996
sample316,-1.0,0.33504543142086984,0.4480476054772825,0.9773275283502824,0.9895248070505431,0.08836544327048279,0.13601587030972784,0.3383194833365325,0.4305040679436106,0.04126773199520428,0.6956924483191603
sample317,-1.0,0.5979679623241948,0.49707230261696134,0.843033039290125,0.28407492440549864,0.34786055294211415,0.6513928475031644,0.4803458931408744,0.23589151580192702,0.29099109348594077,0.4234562311117014
sample318,-1.0,0.3999914242849606,0.9402573082005578,0.9533262923870336,0.38982622255630994,0.053497887613081385,0.6479012895715789,0.2864439140166781,0.12255844904305735,0.8770006691397059,0.5259658663553657
sample319,-1.0,0.8677942678451326,0.3190950860063675,0.34735285278675365,0.012751683084928911,0.3195437621955928,0.5431191818959217,0.4735336938373883,0.6535209754841264,0.3302705077116157,0.16693806821546764
sample320,-1.0,0.41626429612131044,0.8418040661374,0.08885791385058395,0.3243315264734026,0.053785901523597635,0.11433125750231787,0.7297984548559401,0.7628738283401296,0.3343671535722693,0.41623385926946144
sample321,-1.0,0.5123748433765994,0.41641630343994174,0.7584677624154568,0.26687520029374,0.8197956070773476,0.6360058770600924,0.576964385437329,0.854156083524633,0.07063710690496228,0.815461471258131
sample322,-1.0,0.284440941684605,0.7713423036526971,0.965791398937968,0.39899201587933,0.07573229848270857,0.625423141427124,0.6802785139949383,0.6583117456294517,0.34154445003187484,0.596523614318882
sample323,-1.0,0.21749064046722444,0.28447973530572435,0.8440040357595512,0.8490741199958359,0.21875864461502192,0.37761971721338294,0.48244701606859375,0.1413783766633605,0.04543493102310392,0.8001292894118497
sample324,-1.0,0.2756409701063435,0.2910343083385012,0.052922763141724394,0.12964328397229363,0.8250312690380075,0.2872485749792596,0.4341284078875942,0.8815071140100188,0.05096193298674667,0.6518950482092378
sample325,-1.0,0.8013405456953867,0.020913367533697436,0.19111634951382073,0.28591217472051556,0.05352621113315714,0.5286048597594595,0.4349881567427405,0.2211821674072617,0.6763375277435173,0.6426421579365308
sample326,-1.0,0.2155375876171517,0.35204620114657026,0.1556551992222276,0.052525335526984684,0.07313948238084456,0.2698385572295181,0.4112131946645916,0.8750653362738778,0.010431605459980453,0.5695290873414854
sample327,-1.0,0.4127776194515831,0.2912142352912951,0.9278587845469828,0.5541156369945344,0.0022463014464406683,0.012227134662644246,0.7454035261467137,0.13798583674772313,0.16335008004352336,0.45856796120335597
sample328,-1.0,0.31866718003831773,0.8418040661374,0.7616566309250613,0.44088636820908955,0.1921320542269569,0.6906313013070483,0.3486693666987518,0.5048126769260155,0.14292648023406185,0.756062898025865
sample329,-1.0,0.21908834385814235,0.3850268179369327,0.9309243903549859,0.2078891696339341,0.09411871934763194,0.020739962453591443,0.46299585877110705,0.15575409678706342,0.2532967665689685,0.6081351136825545
sample330,-1.0,0.5192303954654396,0.8770833302660004,0.8544778268036747,0.9354143729859086,0.42613423984301335,0.7766096690494085,0.6289392231246809,0.10561566362788011,0.4590482574134316,0.6338361939944971
sample331,-1.0,0.41626429612131044,0.9915608799859694,0.22245146415714223,0.7146661265494131,0.06726338351574601,0.055901459610284476,0.681678789267889,0.4037886631501495,0.12522935767311805,0.5340189166245864
sample332,-1.0,0.45728045774759396,0.8543900297391153,0.07842530037518924,0.002072272931176622,0.3309226622763296,0.06939581626484703,0.31323133005533554,0.6980975152574621,0.34282683076966647,0.3409051949497436
sample333,-1.0,0.7139926180272788,0.9815561616715368,0.7047383817024432,0.15356870231425346,0.285552961094545,0.6905675795420446,0.3726976153004361,0.7236616476177522,0.13417597061056818,0.7282467034846575
sample334,-1.0,0.7527599196897644,0.46321782571585124,0.1943886323235413,0.04960052267614623,0.005895683061960311,0.21116078081121137,0.31158152666508854,0.46333183757460217,0.4365591176186745,0.037081982996647334
sample335,-1.0,0.14895414190068879,0.8636414061448247,0.013799433571792363,0.022001070178361948,0.7158210860998142,0.7074344399616868,0.682321834027026,0.8730180738696133,0.28925828168935375,0.2962135479794443
sample336,-1.0,0.10371459034344688,0.5128458909672098,0.7855343518949536,0.4049626906922579,0.30293185072313344,0.9732383702743843,0.4855390157624463,0.06280651234312506,0.43492052673986237,0.3276388188711805
sample337,-1.0,0.13329305460959673,0.34443930350760155,0.8069134711930951,0.32233505383163874,0.7014925741426363,0.31788065497560314,0.5927325641481216,0.17344663769313573,0.38192202444196877,0.15303451002336932
sample338,-1.0,0.048801923975502315,0.49527061523726645,0.7666062094105873,0.2249605055309386,0.5670379906041034,0.031244199069572542,0.4431130375703318,0.16434616450893047,0.3783549408904725,0.4941227414526075
sample339,-1.0,0.4454142189113598,0.46976218700796346,0.14758104971629038,0.21236933673363367,0.22297854182689902,0.11065433314632822,0.3407865966871052,0.12109575259491578,0.29790290760113414,0.8917104915343101
sample340,-1.0,0.1542844172307145,0.4158620153500612,0.7606803547257991,0.787836832659983,0.8785024947874487,0.15272260691554274,0.5518885909954457,0.7354700577476131,0.06282120703186234,0.372859470928808
sample341,-1.0,0.12646817833225066,0.2779800821027445,0.05108745561123207,0.42954143225518426,0.3241702071576099,0.04025978551321052,0.7186161793055329,0.6994609877210467,0.11121782307177952,0.50838609992906
sample342,-1.0,0.30414323954286715,0.811450310187664,0.969142587453344,0.5187812807740719,0.1660097618093722,0.18158766460447273,0.5326048643962208,0.5969023057527306,0.46057189756014283,0.046438381514160576
sample343,-1.0,0.0749903221112711,0.44495091904745254,0.0942741405878067,0.010119892351720838,0.06726338351574601,0.289907709999892,0.6370983077592064,0.5274693699081666,0.18662078343677513,0.6066790717095758
sample344,-1.0,0.04925981828155557,0.40302759018819656,0.055460336441936486,0.07130070435263258,0.377459432617796,0.6434781625173911,0.28306748407213844,0.6981214622210471,0.4099432541163468,0.7140103351515027
sample345,-1.0,0.13957706100930845,0.9797409499964082,0.7993327758937793,0.0016676329560102454,0.28311739976483896,0.5212744306491398,0.3538472178949421,0.6981214622210471,0.16277363947138968,0.49530176446372276
sample346,-1.0,0.31866718003831773,0.8117633548712893,0.8846112489610871,0.5746203302190461,0.0017764549225925963,0.2387774648134936,0.5706912080799488,0.6908541445746736,0.0234967826627569,0.5695290873414854
sample347,-1.0,0.656906547987335,0.35618410226384467,0.8029502664760417,0.4165400578107544,0.19930924741979283,0.0004247826652352682,0.6319669608163117,0.7236367376484041,0.08941992398470322,0.29772651840740705
sample348,-1.0,0.7688348089897896,0.5082217193335185,0.20923224298459686,0.29087462414692067,0.3486034611159292,0.5819102649534519,0.4630284045336599,0.6105762816847801,0.003863942365140427,0.3733534026279618
sample349,-1.0,0.22630299102524476,0.9472812310940384,0.21650449293784335,0.2078433788289208,0.8883868023168461,0.4997330050450567,0.25888251577712873,0.2994904361469459,0.10174212839672725,0.6625559260500553
sample350,-1.0,0.45087238110481953,0.038779627569570874,0.5812942741718249,0.09381848437177331,0.3218819921843282,0.0202727654679149,0.41784431628092766,0.5575264959349775,0.02595728378694684,0.3174475730029027
sample351,-1.0,0.9104946877423422,0.8074777016349168,0.7526828749454311,0.3374278554907453,0.35542276882250157,0.7980724017790286,0.24874616510837955,0.32472403546937323,0.16173038729362865,0.2789781080494268
sample352,-1.0,0.04707027972008926,0.3903889972893888,0.4288694371129391,0.7314340238730417,0.19587941139005527,0.13539295942095986,0.7194007668160622,0.8927870813673219,0.8564566905431871,0.110138722787955
sample353,-1.0,0.6362355209574786,0.6365909821132251,0.1610918866681822,0.7471137641998796,0.3499113596729997,0.9843375755664739,0.5185368209294052,0.030798722152496794,0.36312655692206297,0.2533365856996046
sample354,-1.0,0.3057214116837209,0.9256379240289082,0.22045412173659273,0.3614956281508135,0.42613423984301335,0.24109115129179404,0.6225927970565238,0.7758733175835186,0.780091449839968,0.3807625666521379
sample355,-1.0,0.3058042606114584,0.9986798568659072,0.09461754254975974,0.7324656922298441,0.053785901523597635,0.509966209184085,0.4588151367713228,0.5843930995368634,0.3596476887345611,0.7625114945921257
sample356,-1.0,0.0960004785645413,0.9067898570276645,0.055460336441936486,0.20330964392185924,0.01766832670025198,0.9068407745387266,0.3490853872222548,0.5381888372513552,0.330817714266222,0.7131969885251188
sample357,-1.0,0.3822714321804582,0.788981999251883,0.6014275313842408,0.21870605265007825,0.5578873608336553,0.8464281336316466,0.7346988023368984,0.13117586218333022,0.13764093826765644,0.5553858586752809
sample358,-1.0,0.4909315154992018,0.36485218980569634,0.02132478988804576,0.6669632412497105,0.21875864461502192,0.7179788540915216,0.5292041627743878,0.364218649991919,0.4952161112288359,0.6827377238800411
sample359,-1.0,0.24472411203549504,0.3786684643168372,0.665049026783349,0.4934475050870717,0.33234329925989836,0.7183206429646393,0.5174674907620959,0.5274693699081666,0.29852065905540326,0.5094519417424339
sample360,-1.0,0.7156744529365995,0.3916543328339408,0.10398302227893441,0.2249605055309386,0.43647976249278353,0.7356782881967912,0.3069468527753544,0.799384154723023,0.43605062942960204,0.4227315944524006
sample361,-1.0,0.3057214116837209,0.8758499655509144,0.13032824204457638,0.2773940138740856,0.14867377721539776,0.7322357743289005,0.2864439140166781,0.7585260570184759,0.3555578461562592,0.36369361802724276
sample362,-1.0,0.2309840283134481,0.9104783061047691,0.8350716444679341,0.4239005966962278,0.6708212678289693,0.8464281336316466,0.36989466173584484,0.08229192126969687,0.7431517785039585,0.5367073151742423
sample363,-1.0,0.29341537927882266,0.44495091904745254,0.10182512229874541,0.1957608615075772,0.06997403060699248,0.8116122940457795,0.7070755099899569,0.8641537194414479,0.21781087070918737,0.21336809843824867
sample364,-1.0,0.03117022528870461,0.9338254947494381,0.1242678043763138,0.4049626906922579,0.44709176326258004,0.09227294756001003,0.6746938039974372,0.12754765567384307,0.12473918026574671,0.8433094232746656
sample365,-1.0,0.43993826363706845,0.4597989153897598,0.02132478988804576,0.4691729266778044,0.053497887613081385,0.5557558150592882,0.47433553975455367,0.2355175996438582,0.10174212839672725,0.27893897972656767
sample366,-1.0,0.3141646638099491,0.2503593020249263,0.09141607823060938,0.40236760004325833,0.41671866310657757,0.1826181491249126,0.37449630014193214,0.6071694437984549,0.054294095865453085,0.3572903700472059
sample367,-1.0,0.2514021874406174,0.24469547517699852,0.8309363222796629,0.13741135749965927,0.23597556090554084,0.12037329183338297,0.4002313881096087,0.6041700882084965,0.0234967826627569,0.7691631472563404
sample368,-1.0,0.2595532491974152,0.5005402285906505,0.31840151674411576,0.46497603788957376,0.39761295181828726,0.15369177288195512,0.3479417122046533,0.37822419649032024,0.32298773172854844,0.6501404682495725
sample369,-1.0,0.14023971553432357,0.3557667140668689,0.13196874528093527,0.13000979015060854,0.17563368999838636,0.10753693765600536,0.46769062043541765,0.19836529155096905,0.35164616942983906,0.47932745517304975
sample370,-1.0,0.21908834385814235,0.981466391769281,0.7855343518949536,0.4313751709207897,0.05042763123298977,0.849298976830962,0.39473021167583033,0.6547955710414833,0.4782850417668538,0.4761634383790908
sample371,-1.0,0.329235377962243,0.4566381750893119,0.9917169242521211,0.6714064275714308,0.28078857447199423,0.7885369776214157,0.40811524298774027,0.18288245649883206,0.06342094525876585,0.41623385926946144
sample372,-1.0,0.6266052664129459,0.4164891297845643,0.8805065193730723,0.3042308462549169,0.3430890108147283,0.41139090784640686,0.5794207701200302,0.005068514367939758,0.07797527891656153,0.8527515054926241
sample373,-1.0,0.42671014903023463,0.3063653634248187,0.6918506709302997,0.08304637193957964,0.4841403634281636,0.5767422417610696,0.31323133005533554,0.5707481270396618,0.30984635500550384,0.4035937283925406
sample374,-1.0,0.39101625109875404,0.4170550221652074,0.16675132747456123,0.32233505383163874,0.28208307937782384,0.7257470458005674,0.685719714229386,0.00345317091768349,0.3764606820294286,0.2567491852236241
sample375,-1.0,0.4891055830547436,0.825034019140545,0.10182512229874541,0.006943557323063065,0.08806192784597966,0.539506716856597,0.6688770446244433,0.717608145085505,0.20873937328444814,0.40786915059951223
sample376,-1.0,0.661973479919602,0.2785752646205508,0.16345945392489247,0.8401838328291455,0.45947784555956084,0.6811207283612976,0.2994072740474192,0.1223899604503702,0.35462324599815576,0.6081351136825545
sample377,-1.0,0.10371459034344688,0.867061034809968,0.23730648365707396,0.14737316067438566,0.3195437621955928,0.7085472151952474,0.64069632702442,0.21001216579184523,0.21000200724667384,0.613671033446977
sample378,-1.0,0.3710235237294053,0.3611266107961518,0.6600371883209062,0.022001070178361948,0.06014650905985697,0.4123064433497,0.7103108733347622,0.23573570613589445,0.18015989458474968,0.3168418540026079
sample379,-1.0,0.30786505304649814,0.4241271280085879,0.7993327758937793,0.43118565280464716,0.5823068200159545,0.009229386774163184,0.613763184915049,0.72398510896846,0.24478639678313563,0.9163286543082826
sample380,-1.0,0.18172676385362574,0.4462973469261713,0.2302573189165985,0.6688579396131562,0.1625156854869143,0.5261681897229719,0.5856921740326714,0.010448156286031018,0.2777660883078005,0.8666303465499193
sample381,-1.0,0.44036578864281806,0.813344130059954,0.7742577944136744,0.9084460914203177,0.21947375096388078,0.5828723954685094,0.5596237643721582,0.15311652658581754,0.08266857541831851,0.8923586950529941
sample382,-1.0,0.16303394577063557,0.7772832103326837,0.9757773408154707,0.19551647345519052,0.020948953085837663,0.00623162671811639,0.38237835217321725,0.9679775336605247,0.1516766911276587,0.5611128790503392
sample383,-1.0,0.8553526511086944,0.8438608230292113,0.19881002487682897,0.07870729370224128,0.2444272631339811,0.22889025312549782,0.6102885699672735,0.6980975152574621,0.0530028055391516,0.6497949570210737
sample384,-1.0,0.11364750100152732,0.3374279759102293,0.060051090375536686,0.5406431480519077,0.438795834908295,0.012227134662644246,0.5283574916703131,0.49924884239678446,0.20431422872062133,0.48396577834388865
sample385,-1.0,0.24472411203549504,0.30155627329399204,0.03459105735210799,0.8488189264395151,0.7593512205836369,0.5079883605346894,0.24874616510837955,0.3580738300719273,0.7646187533517603,0.39293491727629115
sample386,-1.0,0.4871265679536285,0.8691034478184957,0.15591547324482746,0.6422835518049603,0.3126979391468516,0.6535907605510869,0.30817908639445113,0.38856862896339006,0.16698609175556467,0.08337967749252506
sample387,-1.0,0.21464674459654232,0.41180130877447785,0.17029805029743528,0.10269303040674405,0.33155933298340023,0.36400052922448467,0.4837593271431312,0.5587553557148028,0.06758953769367737,0.5588511615865326
sample388,-1.0,0.26770905856219884,0.09679576903623588,0.917743597649338,0.6605042329885169,0.18149622999672188,0.004080013081960487,0.5768774976721184,0.7283611409216026,0.19131079111931393,0.2556746414992732
sample389,-1.0,0.33504543142086984,0.4253730525645958,0.4321670386955464,0.027363300631001453,0.43693596869833773,0.5451203983837749,0.2677249362472047,0.7324832903247996,0.4248672622207451,0.3469660836323796
sample390,-1.0,0.40343493657620766,0.2869456709713616,0.2496137576866324,0.5065288911844681,0.2430833164556575,0.7384632189101791,0.42811986969861016,0.05437798503004543,0.5361161700648879,0.4596819497236926
sample391,-1.0,0.15861531839627507,0.6024113737967441,0.8151395904236904,0.6653603328047918,0.7106028104509025,0.24622724011376684,0.37486506452082,0.7118678046853032,0.2521929715326394,0.4419930550171365
sample392,-1.0,0.5123748433765994,0.9238719476604618,0.8177223199340625,0.9749867019183991,0.07516152121546071,0.3377569066607504,0.3675216965524434,0.08567460602243115,0.330817714266222,0.702283466078697
sample393,-1.0,0.42671014903023463,0.3227335835394828,0.9021512041240488,0.05330641381278034,0.023199828671723877,0.7171739093161726,0.3568306869349198,0.7922610069585436,0.3257894081360272,0.8050921660849865
sample394,-1.0,0.6616952542423745,0.8067403730915316,0.8208003701764679,0.20330964392185924,0.07516152121546071,0.04460114637543855,0.5951566476412776,0.16224160507106455,0.44807990934627595,0.007976420544657081
sample395,-1.0,0.43315041618468075,0.8161086982576026,0.4529451419938383,0.06546850510737334,0.23709346718264257,0.7193213595000689,0.5779686467085323,0.08559835581308917,0.3571147867227632,0.07006049620637766
sample396,-1.0,0.3393463540008431,0.914610366033519,0.09782691254890086,0.07752228687337814,0.4841403634281636,0.6905675795420446,0.4200543803109902,0.48284477388695024,0.3951478422406448,0.43864121579587956
sample397,-1.0,0.3201179992261679,0.44495091904745254,0.40189647689342567,0.9709932912308562,0.9602643498160742,0.13834541840711245,0.3549269791384173,0.23074904235718274,0.2046117614040318,0.5588886708696373
sample398,-1.0,0.05913230519528556,0.33742624657900044,0.7728472041102377,0.09903831446187528,0.9660423593221917,0.9750855405228185,0.5328907576996907,0.035839055786579976,0.2587233555651697,0.7099579018115103
sample399,-1.0,0.3797777155678834,0.46025638189314877,0.2292567452867218,0.7689745628639241,0.3218819921843282,0.11857238092373557,0.44896443705314004,0.5463241389575948,0.36312655692206297,0.17663206612821658
